{
  "total_documents": 234,
  "successful": 5,
  "failed": 0,
  "success_rate": 2.1367521367521367,
  "total_time_seconds": 12.061028957366943,
  "average_time_per_document": 0.05154285879216643,
  "documents_per_second": 19.401329756120973,
  "failed_documents": []
}