{
  "test_time": 40.581690073013306,
  "total_documents": 2,
  "successful": 0,
  "failed": 2,
  "results": [
    {
      "document": "radni_odnosi_0001_000001.pdf",
      "success": false,
      "error": "M6 failed with status 500",
      "module_times": {
        "M1_file_reader": 4.257425546646118,
        "M2_normalizer": 2.059927225112915,
        "M3_latinizer": 2.092026710510254,
        "M4_parser": 2.063910484313965
      },
      "data": {},
      "total_time": 13.615153551101685
    },
    {
      "document": "radni_odnosi_0008_000008.pdf",
      "success": false,
      "error": "'unit_id'",
      "module_times": {
        "M1_file_reader": 2.117776393890381,
        "M2_normalizer": 2.0380496978759766,
        "M3_latinizer": 2.0703563690185547,
        "M4_parser": 2.0612637996673584
      },
      "data": {},
      "total_time": 10.378429889678955
    }
  ]
}