{
  "test_time": 22.86629581451416,
  "total_documents": 2,
  "successful": 0,
  "failed": 2,
  "results": [
    {
      "document": "radni_odnosi_0001_000001.pdf",
      "success": false,
      "error": "M6 failed with status 422",
      "module_times": {
        "M1_file_reader": 4.261081695556641,
        "M2_normalizer": 2.0773322582244873,
        "M3_latinizer": 2.0754528045654297,
        "M4_parser": 2.042104482650757
      },
      "data": {},
      "total_time": 12.513259172439575
    },
    {
      "document": "radni_odnosi_0008_000008.pdf",
      "success": false,
      "error": "M6 failed with status 422",
      "module_times": {
        "M1_file_reader": 2.095062017440796,
        "M2_normalizer": 2.059969663619995,
        "M3_latinizer": 2.0916824340820312,
        "M4_parser": 2.047389268875122
      },
      "data": {},
      "total_time": 10.352036476135254
    }
  ]
}